<?xml version="1.0"?>
	<addon scheme="3.0" edition_type="ROOT,ULT:VENDOR">
		<id>mandarinbank</id>
		<name>Mandarinbank</name>
		<copyright>https://mandarinbank.com</copyright>
		<version>1.0</version>
		<description>Платежный модуль Mandarinbank для CS-Cart CMS</description>
		<priority>1</priority>
		<dependencies></dependencies>
		<queries>
			<item for="install">
        INSERT INTO `?:payment_processors` (`processor_id`, `processor`, `processor_script`, `processor_template`, `admin_template`, `callback`, `type`) VALUES 
        ('', 'mandarinbank', 'mandarinbank.php', 'views/orders/components/payments/cc_outside.tpl', 'mandarinbank.tpl', 'N', 'P')
			</item>
			<item for="uninstall">DELETE FROM ?:payment_processors WHERE processor = 'mandarinbank'</item>
		</queries>
	</addon>
